city,recorded_at,hour,day_of_week,day_of_week_name,month,season,is_daytime,is_weekend,aqi,aqi_category,dominant_pollutant,pm25,pm10,no2,o3,co,so2,temp_c,dew_point_c,humidity_pct,pressure_hpa,wind_speed_ms,wind_gust_ms,wind_cardinal,visibility_km,weather_main,cloud_cover_pct
Mumbai,2026-04-11 21:00:00,21,5,Saturday,4,Summer,0,1,160,Unhealthy,pm25,160,105,2.3,11.5,2.5,11.9,28.99,22.99,70,1010,3.09,0.0,W,4.0,Haze,0
Delhi,2026-04-11 21:00:00,21,5,Saturday,4,Summer,0,1,116,Unhealthy for Sensitive Groups,pm25,116,114,45.2,1.4,8.8,4.2,28.05,14.05,30,1008,1.54,0.0,NW,4.5,Haze,75
Chennai,2026-04-11 21:00:00,21,5,Saturday,4,Summer,0,1,57,Moderate,pm25,57,27,4.9,6.8,4.5,2.3,29.79,26.19,82,1011,4.12,0.0,SE,6.0,Clouds,20
Kolkata,2026-04-11 21:00:00,21,5,Saturday,4,Summer,0,1,103,Unhealthy for Sensitive Groups,pm25,103,62,30.6,3.8,10.5,8.0,26.97,18.37,57,1008,2.57,0.0,SE,3.5,Haze,20
Mumbai,2026-04-11 22:00:00,22,5,Saturday,4,Summer,0,1,153,Unhealthy,pm25,153,92,2.0,11.5,2.0,11.9,28.99,22.99,70,1011,3.09,0.0,W,4.0,Haze,0
Delhi,2026-04-11 22:00:00,22,5,Saturday,4,Summer,0,1,132,Unhealthy for Sensitive Groups,pm25,132,114,49.8,0.8,10.6,4.7,28.05,14.05,30,1008,1.54,0.0,NW,4.5,Haze,75
Chennai,2026-04-11 22:00:00,22,5,Saturday,4,Summer,0,1,55,Moderate,pm25,55,26,5.1,6.6,4.0,2.5,29.48,25.88,82,1011,4.12,0.0,SE,6.0,Clouds,20
Kolkata,2026-04-11 21:00:00,21,5,Saturday,4,Summer,0,1,103,Unhealthy for Sensitive Groups,pm25,103,62,30.6,3.8,10.5,8.0,26.97,18.37,57,1008,2.57,0.0,SE,3.5,Haze,20
Mumbai,2026-05-27 20:00:00,20,2,Wednesday,5,Summer,0,0,82,Moderate,pm25,82,48,2.3,11.6,2.4,11.9,30.99,24.99,70,1010,3.09,0.0,W,4.0,Haze,20
Delhi,2026-05-27 20:00:00,20,2,Wednesday,5,Summer,0,0,119,Unhealthy for Sensitive Groups,pm10,63,119,43.7,8.0,2.6,6.9,40.05,23.05,15,999,2.06,0.0,W,5.0,Clear,0
Chennai,2026-05-27 20:00:00,20,2,Wednesday,5,Summer,0,0,72,Moderate,pm25,72,44,5.2,11.9,9.7,2.2,32.18,24.78,63,1007,4.12,0.0,S,5.0,Haze,20
Kolkata,2026-05-27 20:00:00,20,2,Wednesday,5,Summer,0,0,65,Moderate,pm25,65,46,9.0,11.3,2.6,1.1,25.97,23.77,89,1007,7.2,0.0,E,3.5,Thunderstorm,75
Mumbai,2026-05-29 19:00:00,19,4,Friday,5,Summer,0,0,118,Unhealthy for Sensitive Groups,pm25,118,65,2.4,11.7,2.6,11.9,31.99,25.19,66,1008,5.66,0.0,W,4.0,Haze,40
Delhi,2026-05-29 19:00:00,19,4,Friday,5,Summer,0,0,76,Moderate,pm10,63,76,17.3,13.4,3.4,5.2,28.05,19.45,57,1001,5.66,0.0,SE,4.5,Haze,40
Chennai,2026-05-29 19:00:00,19,4,Friday,5,Summer,0,0,78,Moderate,pm25,78,50,5.0,12.8,8.8,2.2,31.85,26.85,75,1005,5.14,0.0,S,6.0,Clouds,40
Kolkata,2026-05-29 19:00:00,19,4,Friday,5,Summer,0,0,46,Good,pm25,46,24,11.1,6.3,4.9,3.0,23.97,21.57,88,1006,2.06,0.0,E,2.8,Haze,20
Mumbai,2026-05-30 14:00:00,14,5,Saturday,5,Summer,1,1,123,Unhealthy for Sensitive Groups,pm25,123,66,2.4,11.6,2.8,11.9,33.99,25.79,59,1008,5.14,0.0,W,5.0,Smoke,40
Delhi,2026-05-30 14:00:00,14,5,Saturday,5,Summer,1,1,52,Moderate,pm10,44,52,7.1,18.1,2.0,5.2,35.05,22.25,36,1004,5.66,0.0,SE,7.0,Clear,0
Chennai,2026-05-30 13:00:00,13,5,Saturday,5,Summer,1,1,76,Moderate,pm25,76,48,4.7,12.7,9.0,2.2,33.97,26.37,62,1006,4.12,0.0,NE,6.0,Clouds,40
Kolkata,2026-05-30 12:00:00,12,5,Saturday,5,Summer,1,1,65,Moderate,pm25,65,48,9.6,10.8,3.1,1.9,33.97,26.37,62,1003,3.09,0.0,NE,4.5,Haze,40
Mumbai,2026-05-30 16:00:00,16,5,Saturday,5,Summer,1,1,156,Unhealthy,pm25,156,88,2.3,11.5,2.7,11.9,31.99,25.99,70,1008,5.66,0.0,W,4.5,Haze,20
Delhi,2026-05-30 20:00:00,20,5,Saturday,5,Summer,0,1,82,Moderate,pm10,55,82,30.8,3.2,9.1,5.6,29.05,18.05,45,1004,5.14,10.29,SW,4.0,Haze,75
Chennai,2026-05-30 16:00:00,16,5,Saturday,5,Summer,1,1,73,Moderate,pm25,73,45,5.0,12.4,9.7,2.4,31.74,25.54,69,1007,3.09,0.0,SE,6.0,Clouds,40
Kolkata,2026-05-30 12:00:00,12,5,Saturday,5,Summer,1,1,65,Moderate,pm25,65,48,9.6,10.8,3.1,1.9,26.97,22.57,78,1005,0.0,0.0,N,3.5,Haze,75
Mumbai,2026-05-30 16:00:00,16,5,Saturday,5,Summer,1,1,156,Unhealthy,pm25,156,88,2.3,11.5,2.7,11.9,34.99,26.79,59,1009,5.14,0.0,W,4.0,Haze,40
Delhi,2026-05-31 13:00:00,13,6,Sunday,5,Summer,1,1,55,Moderate,pm25,55,50,8.0,14.9,4.6,3.7,33.05,21.65,43,1007,3.6,0.0,E,6.0,Clouds,40
Chennai,2026-05-30 16:00:00,16,5,Saturday,5,Summer,1,1,73,Moderate,pm25,73,45,5.0,12.4,9.7,2.4,36.48,27.48,55,1006,3.13,4.02,SE,7.0,Clouds,20
Delhi,2026-05-31 23:00:00,23,6,Sunday,5,Summer,0,1,59,Moderate,pm25,59,52,20.0,6.9,7.3,4.7,27.05,19.25,61,1007,3.09,0.0,E,5.0,Haze,40
Delhi,2026-06-01 10:00:00,10,0,Monday,6,Monsoon,1,0,91,Moderate,pm25,91,59,10.4,10.0,4.6,5.6,32.05,21.65,48,1009,5.14,0.0,E,6.0,Clouds,26
Mumbai,2026-06-01 16:00:00,16,0,Monday,6,Monsoon,1,0,126,Unhealthy for Sensitive Groups,pm25,126,67,1.9,11.5,1.9,11.9,31.99,25.19,66,1008,5.14,0.0,W,5.0,Haze,40
Delhi,2026-06-01 19:00:00,19,0,Monday,6,Monsoon,0,0,65,Moderate,pm25,65,63,11.8,19.3,5.0,5.1,32.05,21.65,48,1005,5.14,0.0,E,5.0,Haze,62
Chennai,2026-06-01 16:00:00,16,0,Monday,6,Monsoon,1,0,79,Moderate,pm25,79,52,4.1,9.3,3.2,8.4,31.6,25.8,71,1007,2.57,0.0,S,5.0,Mist,40
Kolkata,2026-06-01 16:00:00,16,0,Monday,6,Monsoon,1,0,73,Moderate,pm25,73,48,12.0,7.5,2.4,2.1,30.97,25.77,74,1006,3.6,0.0,SE,3.5,Haze,20
Mumbai,2026-06-02 12:00:00,12,1,Tuesday,6,Monsoon,1,0,108,Unhealthy for Sensitive Groups,pm25,108,61,2.3,11.6,2.6,11.9,33.99,24.99,55,1008,6.17,0.0,W,5.0,Smoke,40
Delhi,2026-06-02 13:00:00,13,1,Tuesday,6,Monsoon,1,0,78,Moderate,pm25,78,67,4.2,19.8,2.6,4.3,35.05,23.25,41,1006,4.12,0.0,E,5.0,Haze,40
Chennai,2026-06-02 12:00:00,12,1,Tuesday,6,Monsoon,1,0,80,Moderate,pm25,80,51,5.2,12.3,9.1,2.3,38.22,27.62,47,1006,4.12,0.0,W,6.0,Clouds,20
Kolkata,2026-06-02 12:00:00,12,1,Tuesday,6,Monsoon,1,0,77,Moderate,pm25,77,44,11.6,13.3,2.9,3.2,35.97,25.77,49,1003,2.57,0.0,E,4.0,Haze,40
Mumbai,2026-06-03 12:00:00,12,2,Wednesday,6,Monsoon,1,0,85,Moderate,pm25,85,50,2.5,11.6,2.9,11.9,31.32,23.72,62,1007,3.89,3.73,SW,10.0,Clear,0
Delhi,2026-06-03 12:00:00,12,2,Wednesday,6,Monsoon,1,0,92,Moderate,pm25,92,87,9.6,28.6,1.5,13.8,37.21,22.21,25,1002,0.75,2.6,S,10.0,Clear,0
Chennai,2026-06-03 12:00:00,12,2,Wednesday,6,Monsoon,1,0,74,Moderate,pm25,74,46,5.0,13.4,9.9,2.0,38.23,27.83,48,1005,0.45,0.89,W,10.0,Clouds,100
Kolkata,2026-06-03 12:00:00,12,2,Wednesday,6,Monsoon,1,0,84,Moderate,pm25,84,53,9.3,14.8,3.8,6.4,40.39,26.19,29,1001,4.36,4.15,S,10.0,Clear,0
Mumbai,2026-06-03 23:00:00,23,2,Wednesday,6,Monsoon,0,0,80,Moderate,pm25,80,47,2.5,11.6,2.9,11.9,30.29,24.49,71,1007,6.86,6.84,S,10.0,Clear,0
Delhi,2026-06-03 23:00:00,23,2,Wednesday,6,Monsoon,0,0,157,Unhealthy,pm25,157,126,42.5,6.7,5.6,6.5,37.99,21.99,20,999,1.56,2.72,SW,10.0,Clear,1
Chennai,2026-06-03 23:00:00,23,2,Wednesday,6,Monsoon,0,0,77,Moderate,pm25,77,48,5.1,12.1,9.4,2.3,30.04,25.64,78,1007,6.03,7.25,NW,10.0,Clouds,100
Kolkata,2026-06-03 22:00:00,22,2,Wednesday,6,Monsoon,0,0,96,Moderate,pm25,96,56,7.2,6.9,3.2,3.0,30.59,25.59,75,1002,5.86,9.51,S,10.0,Clear,7
Mumbai,2026-06-04 10:00:00,10,3,Thursday,6,Monsoon,1,0,58,Moderate,pm25,58,28,2.4,11.7,2.8,11.9,30.39,24.59,71,1008,5.95,5.93,S,10.0,Clear,10
Delhi,2026-06-04 10:00:00,10,3,Thursday,6,Monsoon,1,0,114,Unhealthy for Sensitive Groups,pm25,114,96,14.4,17.1,2.0,5.7,38.33,22.93,23,1002,2.2,2.26,SW,10.0,Clear,0
Chennai,2026-06-04 10:00:00,10,3,Thursday,6,Monsoon,1,0,71,Moderate,pm25,71,43,4.7,13.6,9.2,2.4,34.94,25.14,51,1006,2.24,2.68,SW,10.0,Clouds,100
Kolkata,2026-06-04 10:00:00,10,3,Thursday,6,Monsoon,1,0,75,Moderate,pm25,75,47,10.7,12.1,4.2,4.0,39.33,26.13,34,1002,4.3,3.54,S,10.0,Clear,5
Mumbai,2026-06-04 19:00:00,19,3,Thursday,6,Monsoon,0,0,109,Unhealthy for Sensitive Groups,pm25,109,61,2.2,11.6,2.3,11.9,30.53,26.33,79,1004,7.14,7.5,SW,10.0,Clear,1
Delhi,2026-06-04 19:00:00,19,3,Thursday,6,Monsoon,0,0,78,Moderate,pm25,78,47,39.6,3.3,5.6,3.5,37.86,21.86,20,997,8.28,10.01,NW,10.0,Clouds,44
Chennai,2026-06-04 19:00:00,19,3,Thursday,6,Monsoon,0,0,73,Moderate,pm25,73,45,5.6,12.1,9.4,1.8,32.07,26.47,72,1004,2.68,4.92,S,10.0,Clouds,100
Kolkata,2026-06-04 18:00:00,18,3,Thursday,6,Monsoon,1,0,92,Moderate,pm25,92,52,7.6,11.3,3.5,2.7,28.18,23.58,77,1002,11.95,17.26,SW,10.0,Clouds,17
Delhi,2026-06-06 15:00:00,15,5,Saturday,6,Monsoon,1,1,129,Unhealthy for Sensitive Groups,pm10,85,129,5.0,19.7,3.7,2.6,40.42,24.62,21,999,7.18,6.69,W,10.0,Clear,5
Chennai,2026-06-06 14:00:00,14,5,Saturday,6,Monsoon,1,1,73,Moderate,pm25,73,45,5.4,12.3,9.9,2.4,37.47,28.87,57,1003,8.63,9.89,S,10.0,Clouds,99
Kolkata,2026-06-06 14:00:00,14,5,Saturday,6,Monsoon,1,1,86,Moderate,pm25,86,48,12.6,8.6,5.2,5.1,33.83,25.43,58,999,5.46,5.35,E,10.0,Clouds,73
Delhi,2026-06-06 17:00:00,17,5,Saturday,6,Monsoon,1,1,123,Unhealthy for Sensitive Groups,pm10,95,123,7.0,22.7,5.5,3.0,35.43,21.83,32,999,7.8,11.32,SW,10.0,Clouds,36
Chennai,2026-06-06 16:00:00,16,5,Saturday,6,Monsoon,1,1,72,Moderate,pm25,72,44,4.6,12.5,8.7,2.2,34.42,27.62,66,1002,1.34,2.68,SE,10.0,Clouds,99
Kolkata,2026-06-06 16:00:00,16,5,Saturday,6,Monsoon,1,1,81,Moderate,pm25,81,42,13.3,7.6,5.9,0.4,33.05,24.45,57,999,3.84,6.54,SE,10.0,Clouds,82
Delhi,2026-06-06 22:00:00,22,5,Saturday,6,Monsoon,0,1,121,Unhealthy for Sensitive Groups,pm10,76,121,22.2,8.0,7.1,3.0,36.7,21.5,24,1001,4.07,9.28,W,10.0,Clouds,59
Chennai,2026-06-06 20:00:00,20,5,Saturday,6,Monsoon,0,1,79,Moderate,pm25,79,51,5.0,11.6,9.4,2.2,32.64,26.84,71,1007,0.45,0.89,S,10.0,Clouds,84
Kolkata,2026-06-06 20:00:00,20,5,Saturday,6,Monsoon,0,1,82,Moderate,pm25,82,43,15.9,7.7,6.1,0.1,28.63,23.23,73,1003,2.4,5.55,S,10.0,Clouds,100
Delhi,2026-06-07 12:00:00,12,6,Sunday,6,Monsoon,1,1,114,Unhealthy for Sensitive Groups,pm10,89,114,5.6,16.2,3.1,3.5,41.09,25.09,20,1001,2.61,5.02,W,10.0,Clear,0
Chennai,2026-06-07 12:00:00,12,6,Sunday,6,Monsoon,1,1,74,Moderate,pm25,74,46,5.2,12.7,9.3,2.5,36.99,26.39,47,1005,3.58,4.47,SW,10.0,Clouds,100
Kolkata,2026-06-07 12:00:00,12,6,Sunday,6,Monsoon,1,1,82,Moderate,pm25,82,39,9.6,9.7,5.0,3.5,33.59,24.19,53,1003,3.86,4.69,SW,10.0,Clouds,100
Delhi,2026-06-07 13:00:00,13,6,Sunday,6,Monsoon,1,1,123,Unhealthy for Sensitive Groups,pm10,80,123,4.4,18.0,3.1,3.7,41.01,25.41,22,1000,2.3,6.35,W,10.0,Clear,0
Chennai,2026-06-07 13:00:00,13,6,Sunday,6,Monsoon,1,1,79,Moderate,pm25,79,51,5.4,13.0,10.1,1.9,37.71,26.71,45,1004,4.02,5.81,W,10.0,Clouds,100
Kolkata,2026-06-07 13:00:00,13,6,Sunday,6,Monsoon,1,1,83,Moderate,pm25,83,48,10.5,11.8,5.2,4.0,35.21,24.81,48,1002,3.57,4.13,S,10.0,Rain,100
Delhi,2026-06-07 13:00:00,13,6,Sunday,6,Monsoon,1,1,123,Unhealthy for Sensitive Groups,pm10,80,123,4.4,18.0,3.1,3.7,41.01,25.41,22,1000,2.3,6.35,W,10.0,Clear,0
Chennai,2026-06-07 13:00:00,13,6,Sunday,6,Monsoon,1,1,79,Moderate,pm25,79,51,5.4,13.0,10.1,1.9,37.71,26.71,45,1004,4.02,5.81,W,10.0,Clouds,100
Kolkata,2026-06-07 13:00:00,13,6,Sunday,6,Monsoon,1,1,83,Moderate,pm25,83,48,10.5,11.8,5.2,4.0,35.21,24.81,48,1002,3.57,4.13,S,10.0,Rain,100
Delhi,2026-06-07 18:00:00,18,6,Sunday,6,Monsoon,1,1,116,Unhealthy for Sensitive Groups,pm10,64,116,8.9,13.9,2.3,3.3,42.61,25.21,13,997,5.05,8.32,NW,10.0,Clear,5
Chennai,2026-06-07 18:00:00,18,6,Sunday,6,Monsoon,1,1,76,Moderate,pm25,76,48,5.0,13.0,9.2,2.0,33.15,26.75,68,1005,3.13,3.58,SE,10.0,Clouds,100
Kolkata,2026-06-07 18:00:00,18,6,Sunday,6,Monsoon,1,1,59,Moderate,pm25,59,39,17.6,8.2,5.8,3.7,33.94,23.94,50,1000,6.71,9.99,S,10.0,Rain,73
Delhi,2026-06-08 09:00:00,9,0,Monday,6,Monsoon,1,0,75,Moderate,pm10,63,75,11.3,8.3,2.8,2.3,38.62,24.22,28,1001,3.73,4.92,W,10.0,Clear,0
Chennai,2026-06-08 07:00:00,7,0,Monday,6,Monsoon,1,0,78,Moderate,pm25,78,50,5.4,12.2,10.5,2.5,34.13,24.93,54,1008,3.13,4.47,W,10.0,Clouds,100
Kolkata,2026-06-08 08:00:00,8,0,Monday,6,Monsoon,1,0,70,Moderate,pm25,70,35,8.7,5.2,4.5,4.4,36.33,25.13,44,1002,5.06,5.82,SW,10.0,Clouds,75
Delhi,2026-06-08 16:00:00,16,0,Monday,6,Monsoon,1,0,117,Unhealthy for Sensitive Groups,pm10,72,117,6.0,19.0,4.6,2.6,44.69,26.49,9,995,5.95,8.33,NW,10.0,Clouds,39
Chennai,2026-06-08 07:00:00,7,0,Monday,6,Monsoon,1,0,78,Moderate,pm25,78,50,5.4,12.2,10.5,2.5,31.63,25.83,71,1003,4.39,5.33,SE,10.0,Clouds,97
Kolkata,2026-06-08 14:00:00,14,0,Monday,6,Monsoon,1,0,80,Moderate,pm25,80,53,8.8,10.5,4.1,4.3,38.97,25.77,34,997,5.85,6.25,SW,10.0,Clouds,30
Delhi,2026-06-08 19:00:00,19,0,Monday,6,Monsoon,0,0,81,Moderate,pm10,49,81,20.2,16.0,0.1,2.8,42.29,24.09,9,996,4.04,7.88,NW,10.0,Clear,0
Chennai,2026-06-08 19:00:00,19,0,Monday,6,Monsoon,0,0,75,Moderate,pm25,75,47,5.2,12.5,11.0,1.9,31.84,27.24,77,1006,0.45,0.89,SW,10.0,Clouds,100
Kolkata,2026-06-08 19:00:00,19,0,Monday,6,Monsoon,0,0,100,Moderate,pm25,100,58,10.5,7.8,3.6,4.4,31.82,26.62,74,1000,7.42,11.35,S,10.0,Clouds,81
Mumbai,2026-06-10 09:00:00,9,2,Wednesday,6,Monsoon,1,0,91,Moderate,pm25,91,53,2.2,11.6,2.4,11.8,30.66,24.66,70,1009,6.05,6.07,W,10.0,Clouds,71
Delhi,2026-06-10 10:00:00,10,2,Wednesday,6,Monsoon,1,0,101,Unhealthy for Sensitive Groups,pm10,74,101,8.6,7.4,3.7,1.0,40.64,25.24,23,1000,4.78,6.52,W,10.0,Clear,0
Chennai,2026-06-10 09:00:00,9,2,Wednesday,6,Monsoon,1,0,81,Moderate,pm25,81,51,4.7,12.8,10.3,2.1,34.25,25.45,56,1008,3.58,4.02,W,10.0,Clouds,100
Kolkata,2026-06-10 09:00:00,9,2,Wednesday,6,Monsoon,1,0,79,Moderate,pm25,79,55,7.4,10.1,3.7,4.1,38.25,26.45,41,1002,5.37,5.72,S,10.0,Clouds,11
Mumbai,2026-06-10 10:00:00,10,2,Wednesday,6,Monsoon,1,0,87,Moderate,pm25,87,51,2.0,11.5,2.2,11.9,31.39,24.99,68,1007,6.14,6.33,W,10.0,Clouds,49
Delhi,2026-06-10 13:00:00,13,2,Wednesday,6,Monsoon,1,0,123,Unhealthy for Sensitive Groups,pm10,65,123,3.8,9.5,4.6,1.3,43.97,26.97,15,997,3.93,9.26,W,10.0,Clear,0
Chennai,2026-06-10 09:00:00,9,2,Wednesday,6,Monsoon,1,0,81,Moderate,pm25,81,51,4.7,12.8,10.3,2.1,37.83,27.03,46,1005,2.68,3.13,W,10.0,Clouds,100
Kolkata,2026-06-10 10:00:00,10,2,Wednesday,6,Monsoon,1,0,68,Moderate,pm25,68,54,7.1,11.7,3.8,3.3,40.71,27.11,32,999,5.74,5.5,S,10.0,Clear,6
Mumbai,2026-06-10 16:00:00,16,2,Wednesday,6,Monsoon,1,0,151,Unhealthy,pm25,151,79,2.1,11.7,2.2,11.9,31.43,25.63,71,1006,6.29,6.98,W,10.0,Clouds,31
Delhi,2026-06-10 16:00:00,16,2,Wednesday,6,Monsoon,1,0,132,Unhealthy for Sensitive Groups,pm10,83,132,3.0,15.4,3.1,2.6,44.98,27.58,13,994,7.41,9.23,W,10.0,Clouds,29
Chennai,2026-06-10 16:00:00,16,2,Wednesday,6,Monsoon,1,0,78,Moderate,pm25,78,49,6.2,13.2,11.4,2.1,35.53,26.33,54,1003,1.79,3.58,NW,10.0,Clouds,100
Kolkata,2026-06-10 16:00:00,16,2,Wednesday,6,Monsoon,1,0,90,Moderate,pm25,90,59,9.3,14.6,3.6,2.7,38.5,25.9,37,997,8.16,6.96,S,10.0,Rain,35
Mumbai,2026-06-10 16:00:00,16,2,Wednesday,6,Monsoon,1,0,151,Unhealthy,pm25,151,79,2.1,11.7,2.2,11.9,31.37,25.77,72,1006,7.44,8.54,W,10.0,Clouds,100
Delhi,2026-06-10 17:00:00,17,2,Wednesday,6,Monsoon,1,0,121,Unhealthy for Sensitive Groups,pm10,78,121,6.0,16.3,4.6,2.6,43.7,26.7,15,994,6.67,8.86,W,10.0,Clear,0
Chennai,2026-06-10 16:00:00,16,2,Wednesday,6,Monsoon,1,0,78,Moderate,pm25,78,49,6.2,13.2,11.4,2.1,34.97,26.17,56,1003,1.34,1.34,SW,10.0,Clouds,100
Kolkata,2026-06-10 16:00:00,16,2,Wednesday,6,Monsoon,1,0,90,Moderate,pm25,90,59,9.3,14.6,3.6,2.7,34.33,24.93,53,999,7.47,8.87,S,10.0,Rain,13
Mumbai,2026-06-11 13:00:00,13,3,Thursday,6,Monsoon,1,0,146,Unhealthy for Sensitive Groups,pm25,146,75,2.2,11.6,2.4,11.8,31.05,24.85,69,1006,6.02,6.1,W,10.0,Clouds,92
Delhi,2026-06-11 13:00:00,13,3,Thursday,6,Monsoon,1,0,83,Moderate,pm25,83,69,12.3,13.6,1.9,34.0,43.32,27.12,19,998,1.18,4.43,S,10.0,Clear,0
Chennai,2026-06-11 13:00:00,13,3,Thursday,6,Monsoon,1,0,72,Moderate,pm25,72,44,5.5,11.1,9.6,1.9,32.43,25.03,63,1005,0.45,0.89,SE,10.0,Rain,100
Kolkata,2026-06-11 13:00:00,13,3,Thursday,6,Monsoon,1,0,65,Moderate,pm25,65,39,9.4,10.8,3.1,2.6,35.83,24.83,45,1001,5.89,5.82,SE,10.0,Rain,94
Mumbai,2026-06-11 15:00:00,15,3,Thursday,6,Monsoon,1,0,153,Unhealthy,pm25,153,82,2.1,11.5,2.3,11.9,31.01,25.21,71,1005,6.88,6.97,SW,10.0,Clouds,93
Delhi,2026-06-11 16:00:00,16,3,Thursday,6,Monsoon,1,0,77,Moderate,pm10,55,77,12.5,17.4,2.2,3.7,35.28,21.48,31,999,3.35,4.57,N,10.0,Clouds,13
Chennai,2026-06-11 15:00:00,15,3,Thursday,6,Monsoon,1,0,79,Moderate,pm25,79,50,5.0,11.6,9.0,2.2,31.88,26.28,72,1004,0.45,0.89,SW,10.0,Clouds,100
Kolkata,2026-06-11 15:00:00,15,3,Thursday,6,Monsoon,1,0,82,Moderate,pm25,82,45,9.9,7.9,3.0,3.0,33.36,23.16,49,1000,4.32,7.54,S,10.0,Clouds,82
Mumbai,2026-06-11 22:00:00,22,3,Thursday,6,Monsoon,0,0,100,Moderate,pm25,100,57,2.4,11.5,2.8,11.9,30.75,25.15,72,1007,7.51,7.44,SW,10.0,Clouds,95
Delhi,2026-06-11 22:00:00,22,3,Thursday,6,Monsoon,0,0,64,Moderate,pm25,64,62,15.3,12.6,2.3,3.3,35.31,20.71,27,999,5.03,8.9,SE,10.0,Clouds,73
Chennai,2026-06-11 22:00:00,22,3,Thursday,6,Monsoon,0,0,75,Moderate,pm25,75,47,5.2,12.2,9.1,2.2,30.99,26.59,78,1008,1.34,3.13,SW,10.0,Clouds,87
Kolkata,2026-06-11 22:00:00,22,3,Thursday,6,Monsoon,0,0,73,Moderate,pm25,73,41,16.3,5.6,5.1,2.7,26.98,22.58,78,1005,3.89,5.82,E,10.0,Rain,100
Mumbai,2026-06-11 23:00:00,23,3,Thursday,6,Monsoon,0,0,109,Unhealthy for Sensitive Groups,pm25,109,61,2.5,11.7,3.1,11.9,30.47,24.87,72,1007,6.84,7.56,SW,10.0,Clouds,95
Delhi,2026-06-11 23:00:00,23,3,Thursday,6,Monsoon,0,0,58,Moderate,pm10,53,58,13.7,12.7,2.6,3.5,33.96,19.76,29,1001,3.88,7.06,E,10.0,Clear,0
Chennai,2026-06-11 23:00:00,23,3,Thursday,6,Monsoon,0,0,80,Moderate,pm25,80,51,5.1,12.7,10.0,2.2,30.75,26.55,79,1007,1.79,2.68,S,10.0,Clouds,92
Kolkata,2026-06-11 23:00:00,23,3,Thursday,6,Monsoon,0,0,73,Moderate,pm25,73,38,10.0,8.2,3.6,1.9,27.07,22.87,79,1005,4.15,5.58,SE,10.0,Rain,100
Mumbai,2026-06-12 12:00:00,12,4,Friday,6,Monsoon,1,0,123,Unhealthy for Sensitive Groups,pm25,123,66,2.2,11.5,2.5,11.9,31.3,24.9,68,1008,7.02,7.45,W,10.0,Clear,2
Delhi,2026-06-12 12:00:00,12,4,Friday,6,Monsoon,1,0,39,Good,pm10,30,39,12.3,12.5,2.2,1.5,38.35,23.75,27,1003,4.35,5.03,SE,10.0,Clear,8
Chennai,2026-06-12 12:00:00,12,4,Friday,6,Monsoon,1,0,73,Moderate,pm25,73,45,5.1,12.9,9.4,2.5,32.76,25.36,63,1007,0.89,2.24,SW,10.0,Clouds,100
Kolkata,2026-06-12 12:00:00,12,4,Friday,6,Monsoon,1,0,86,Moderate,pm25,86,54,13.8,7.9,4.3,5.0,36.74,25.14,42,1004,1.71,2.12,S,10.0,Clouds,100
Mumbai,2026-06-12 20:00:00,20,4,Friday,6,Monsoon,0,0,127,Unhealthy for Sensitive Groups,pm25,127,68,2.2,11.5,2.4,11.9,31.37,25.77,72,1008,6.35,7.16,W,10.0,Clouds,100
Delhi,2026-06-12 20:00:00,20,4,Friday,6,Monsoon,0,0,63,Moderate,pm25,63,56,11.2,10.0,3.1,4.9,37.21,23.21,30,1002,1.73,2.51,SE,10.0,Clear,1
Chennai,2026-06-12 20:00:00,20,4,Friday,6,Monsoon,0,0,75,Moderate,pm25,75,47,4.9,11.7,9.5,2.2,30.47,25.07,73,1008,0.89,0.89,S,10.0,Clouds,87
Kolkata,2026-06-12 20:00:00,20,4,Friday,6,Monsoon,0,0,90,Moderate,pm25,90,55,12.4,9.5,4.2,4.7,30.67,24.27,68,1005,5.98,8.24,S,10.0,Clouds,95
Mumbai,2026-06-13 15:00:00,15,5,Saturday,6,Monsoon,1,1,163,Unhealthy,pm25,163,99,2.2,11.6,2.4,11.9,31.55,25.55,70,1008,6.15,5.95,W,10.0,Clouds,50
Delhi,2026-06-13 15:00:00,15,5,Saturday,6,Monsoon,1,1,82,Moderate,pm10,82,82,12.0,30.2,2.8,7.4,40.32,24.12,19,1000,3.32,5.07,NW,10.0,Clear,0
Chennai,2026-06-13 15:00:00,15,5,Saturday,6,Monsoon,1,1,79,Moderate,pm25,79,50,4.7,12.5,9.4,2.3,32.89,26.29,67,1005,0.89,2.24,S,10.0,Clouds,100
Kolkata,2026-06-13 15:00:00,15,5,Saturday,6,Monsoon,1,1,93,Moderate,pm25,93,52,10.2,9.9,3.3,6.3,36.23,25.43,46,1001,4.34,3.72,S,10.0,Clouds,82
Mumbai,2026-06-13 21:00:00,21,5,Saturday,6,Monsoon,0,1,90,Moderate,pm25,90,53,2.3,11.6,2.5,11.9,30.93,25.53,73,1009,7.49,7.8,W,10.0,Clouds,55
Delhi,2026-06-13 21:00:00,21,5,Saturday,6,Monsoon,0,1,95,Moderate,pm10,48,95,47.2,5.8,6.3,5.3,35.09,21.09,30,1002,3.18,4.06,SW,10.0,Clear,0
Chennai,2026-06-13 21:00:00,21,5,Saturday,6,Monsoon,0,1,77,Moderate,pm25,77,49,5.1,12.3,10.3,2.1,31.04,26.24,76,1008,3.58,3.58,SW,10.0,Clouds,100
Kolkata,2026-06-13 21:00:00,21,5,Saturday,6,Monsoon,0,1,101,Unhealthy for Sensitive Groups,pm25,101,46,11.5,7.7,3.9,6.4,30.42,24.42,70,1004,5.8,8.76,S,10.0,Clouds,28
Mumbai,2026-06-14 13:00:00,13,6,Sunday,6,Monsoon,1,1,122,Unhealthy for Sensitive Groups,pm25,122,66,2.2,11.6,2.2,11.9,31.2,24.6,67,1009,6.06,6.81,W,10.0,Clear,3
Delhi,2026-06-14 13:00:00,13,6,Sunday,6,Monsoon,1,1,80,Moderate,pm10,74,80,4.7,18.9,1.9,3.7,39.45,23.85,22,1001,1.82,5.04,SW,10.0,Clear,0
Chennai,2026-06-14 13:00:00,13,6,Sunday,6,Monsoon,1,1,78,Moderate,pm25,78,50,5.2,12.7,11.7,2.2,35.47,25.87,52,1005,2.68,3.58,S,10.0,Clouds,90
Kolkata,2026-06-14 12:00:00,12,6,Sunday,6,Monsoon,1,1,109,Unhealthy for Sensitive Groups,pm25,109,53,8.9,10.4,3.4,4.3,37.51,25.51,40,1001,2.98,3.26,SW,10.0,Clouds,49
Mumbai,2026-06-14 20:00:00,20,6,Sunday,6,Monsoon,0,1,97,Moderate,pm25,97,56,2.5,11.5,2.9,11.9,30.75,24.95,71,1009,6.53,7.65,W,10.0,Clouds,42
Delhi,2026-06-14 20:00:00,20,6,Sunday,6,Monsoon,0,1,113,Unhealthy for Sensitive Groups,pm10,95,113,26.1,12.9,4.1,3.9,39.36,23.56,21,999,3.86,4.95,W,10.0,Clear,0
Chennai,2026-06-14 20:00:00,20,6,Sunday,6,Monsoon,0,1,73,Moderate,pm25,73,45,4.7,13.4,10.2,2.1,30.84,25.24,72,1007,2.68,3.13,S,10.0,Clouds,95
Kolkata,2026-06-14 20:00:00,20,6,Sunday,6,Monsoon,0,1,88,Moderate,pm25,88,51,6.7,9.5,2.4,4.2,28.24,21.84,68,1002,5.33,9.47,SW,10.0,Clouds,100
Mumbai,2026-06-15 10:00:00,10,0,Monday,6,Monsoon,1,0,76,Moderate,pm25,76,43,2.3,11.7,2.6,11.9,31.24,24.64,67,1010,6.36,6.25,W,10.0,Clouds,93
Delhi,2026-06-15 10:00:00,10,0,Monday,6,Monsoon,1,0,120,Unhealthy for Sensitive Groups,pm10,78,120,12.8,7.1,2.5,5.3,36.91,21.91,25,1003,2.53,3.55,W,10.0,Clouds,43
Chennai,2026-06-15 10:00:00,10,0,Monday,6,Monsoon,1,0,76,Moderate,pm25,76,48,5.3,13.7,9.1,2.0,35.43,26.43,55,1007,1.79,3.13,SE,10.0,Clouds,98
Kolkata,2026-06-15 10:00:00,10,0,Monday,6,Monsoon,1,0,88,Moderate,pm25,88,49,13.9,9.5,3.1,5.9,36.42,24.82,42,1003,3.05,2.64,S,10.0,Clouds,26
Mumbai,2026-06-15 23:00:00,23,0,Monday,6,Monsoon,0,0,60,Moderate,pm25,60,30,2.4,11.7,2.8,11.9,30.81,24.01,66,1009,6.38,6.26,W,10.0,Clouds,62
Delhi,2026-06-15 23:00:00,23,0,Monday,6,Monsoon,0,0,103,Unhealthy for Sensitive Groups,pm25,103,83,38.0,2.1,7.3,4.3,32.44,19.44,35,1004,4.12,5.03,S,10.0,Clouds,94
Chennai,2026-06-15 23:00:00,23,0,Monday,6,Monsoon,0,0,72,Moderate,pm25,72,44,4.9,12.6,10.1,2.1,31.92,25.92,70,1006,0.89,0.89,S,10.0,Clouds,100
Kolkata,2026-06-15 23:00:00,23,0,Monday,6,Monsoon,0,0,77,Moderate,pm25,77,50,6.1,9.0,2.0,3.2,30.08,25.08,75,1004,5.07,7.52,S,10.0,Clear,9
Mumbai,2026-06-16 09:00:00,9,1,Tuesday,6,Monsoon,1,0,87,Moderate,pm25,87,51,2.2,11.6,2.3,11.9,31.36,23.76,62,1010,4.26,4.59,W,10.0,Clouds,84
Delhi,2026-06-16 09:00:00,9,1,Tuesday,6,Monsoon,1,0,158,Unhealthy,pm25,158,127,21.0,7.1,2.8,9.2,35.9,21.7,29,1005,2.63,3.34,W,10.0,Clear,1
Chennai,2026-06-16 09:00:00,9,1,Tuesday,6,Monsoon,1,0,76,Moderate,pm25,76,48,5.4,12.8,8.4,2.3,35.77,26.37,53,1007,0.89,2.68,N,10.0,Clouds,100
Kolkata,2026-06-16 09:00:00,9,1,Tuesday,6,Monsoon,1,0,74,Moderate,pm25,74,45,8.0,10.2,2.8,3.8,35.51,24.91,47,1005,3.74,3.76,S,10.0,Clouds,23
Mumbai,2026-06-17 10:00:00,10,2,Wednesday,6,Monsoon,1,0,65,Moderate,pm25,65,34,2.3,11.6,2.5,11.9,30.9,23.1,61,1010,5.83,5.42,SW,10.0,Clouds,63
Delhi,2026-06-17 11:00:00,11,2,Wednesday,6,Monsoon,1,0,154,Unhealthy,pm25,154,99,8.3,19.8,3.1,13.6,37.47,23.07,28,1004,2.52,2.91,W,10.0,Clear,10
Chennai,2026-06-17 10:00:00,10,2,Wednesday,6,Monsoon,1,0,74,Moderate,pm25,74,46,4.9,14.2,10.1,2.5,34.85,26.85,60,1007,1.34,3.13,SW,10.0,Clouds,95
Kolkata,2026-06-17 10:00:00,10,2,Wednesday,6,Monsoon,1,0,67,Moderate,pm25,67,41,7.2,8.5,2.9,3.1,37.91,26.11,41,1004,4.45,3.54,S,10.0,Clear,6
Mumbai,2026-06-17 18:00:00,18,2,Wednesday,6,Monsoon,1,0,111,Unhealthy for Sensitive Groups,pm25,111,62,2.3,11.6,2.5,11.9,30.77,23.77,65,1008,6.08,6.49,W,10.0,Clouds,11
Delhi,2026-06-17 18:00:00,18,2,Wednesday,6,Monsoon,1,0,79,Moderate,pm10,75,79,7.7,22.9,1.9,7.7,39.09,23.49,22,999,3.14,4.46,NW,10.0,Clear,4
Chennai,2026-06-17 18:00:00,18,2,Wednesday,6,Monsoon,1,0,75,Moderate,pm25,75,47,5.4,12.9,9.0,2.0,31.66,27.06,77,1004,1.79,2.24,S,10.0,Clouds,99
Kolkata,2026-06-17 18:00:00,18,2,Wednesday,6,Monsoon,1,0,89,Moderate,pm25,89,54,7.3,8.0,3.0,5.7,32.23,24.63,62,1002,7.02,8.91,S,10.0,Clouds,100
Mumbai,2026-06-19 16:00:00,16,4,Friday,6,Monsoon,1,0,115,Unhealthy for Sensitive Groups,pm25,115,63,2.2,11.7,2.3,11.9,30.65,23.85,66,1008,5.41,5.41,SW,10.0,Clouds,23
Delhi,2026-06-19 18:00:00,18,4,Friday,6,Monsoon,1,0,89,Moderate,pm10,65,89,5.5,16.5,2.8,7.1,40.45,24.85,22,999,5.42,3.52,W,10.0,Clear,9
Chennai,2026-06-19 16:00:00,16,4,Friday,6,Monsoon,1,0,77,Moderate,pm25,77,48,5.1,11.8,9.3,2.4,32.73,26.93,71,1006,1.34,2.68,S,10.0,Clouds,100
Kolkata,2026-06-19 16:00:00,16,4,Friday,6,Monsoon,1,0,73,Moderate,pm25,73,29,9.5,8.3,4.3,3.4,32.47,24.67,61,1002,6.39,8.28,S,10.0,Clouds,100
Mumbai,2026-06-21 11:00:00,11,6,Sunday,6,Monsoon,1,1,84,Moderate,pm25,84,50,2.4,11.5,2.7,11.9,30.54,23.94,67,1009,3.9,3.58,SW,10.0,Clouds,11
Delhi,2026-06-21 11:00:00,11,6,Sunday,6,Monsoon,1,1,52,Moderate,pm10,26,52,4.7,8.1,0.1,3.8,38.85,24.05,26,1002,3.0,3.49,NW,10.0,Clear,3
Chennai,2026-06-21 11:00:00,11,6,Sunday,6,Monsoon,1,1,76,Moderate,pm25,76,48,4.3,12.5,7.1,2.6,35.7,27.7,60,1008,2.2,2.97,S,10.0,Clouds,100
Kolkata,2026-06-21 11:00:00,11,6,Sunday,6,Monsoon,1,1,85,Moderate,pm25,85,50,8.8,9.1,3.2,3.2,37.27,26.07,44,1003,5.31,5.44,SW,10.0,Rain,100
Mumbai,2026-06-21 18:00:00,18,6,Sunday,6,Monsoon,1,1,98,Moderate,pm25,98,57,2.1,11.5,2.2,11.9,30.75,24.75,70,1006,5.94,5.88,W,10.0,Clouds,51
Delhi,2026-06-21 18:00:00,18,6,Sunday,6,Monsoon,1,1,65,Moderate,pm10,38,65,4.5,15.2,2.1,6.2,41.07,24.67,18,997,4.99,4.69,W,10.0,Clouds,42
Chennai,2026-06-21 18:00:00,18,6,Sunday,6,Monsoon,1,1,76,Moderate,pm25,76,48,5.4,14.3,10.2,2.0,31.09,25.89,74,1007,1.79,2.68,SW,10.0,Clouds,100
Kolkata,2026-06-21 18:00:00,18,6,Sunday,6,Monsoon,1,1,55,Moderate,pm25,55,31,8.6,6.8,3.5,3.8,31.6,24.6,65,1002,7.99,11.03,S,10.0,Clouds,100
Mumbai,2026-06-23 10:00:00,10,1,Tuesday,6,Monsoon,1,0,27,Good,pm25,27,12,2.5,11.7,3.2,11.9,27.86,23.66,79,1007,6.39,5.8,S,10.0,Rain,100
Delhi,2026-06-23 11:00:00,11,1,Tuesday,6,Monsoon,1,0,154,Unhealthy,pm25,154,117,3.2,20.0,1.1,14.2,39.43,24.03,23,1000,3.36,4.94,W,10.0,Clear,0
Chennai,2026-06-23 10:00:00,10,1,Tuesday,6,Monsoon,1,0,76,Moderate,pm25,76,48,4.6,12.1,9.8,2.0,35.59,25.99,52,1006,2.68,3.58,SW,10.0,Clouds,100
Kolkata,2026-06-23 10:00:00,10,1,Tuesday,6,Monsoon,1,0,109,Unhealthy for Sensitive Groups,pm25,109,59,17.3,7.9,5.3,3.8,38.72,26.12,37,1000,6.14,4.74,S,10.0,Clouds,96
Mumbai,2026-06-23 10:00:00,10,1,Tuesday,6,Monsoon,1,0,27,Good,pm25,27,12,2.5,11.7,3.2,11.9,27.67,23.67,80,1005,5.52,6.18,W,3.56,Clouds,100
Delhi,2026-06-23 17:00:00,17,1,Tuesday,6,Monsoon,1,0,147,Unhealthy for Sensitive Groups,pm10,13,147,16.9,6.0,3.4,4.1,41.0,24.4,17,996,3.82,5.22,NW,10.0,Clouds,33
Chennai,2026-06-23 10:00:00,10,1,Tuesday,6,Monsoon,1,0,76,Moderate,pm25,76,48,4.6,12.1,9.8,2.0,32.75,26.35,68,1005,1.79,2.68,E,10.0,Clouds,94
Kolkata,2026-06-23 10:00:00,10,1,Tuesday,6,Monsoon,1,0,109,Unhealthy for Sensitive Groups,pm25,109,59,17.3,7.9,5.3,3.8,32.92,23.72,54,999,5.18,6.02,S,10.0,Rain,99
Mumbai,2026-06-23 10:00:00,10,1,Tuesday,6,Monsoon,1,0,27,Good,pm25,27,12,2.5,11.7,3.2,11.9,26.97,23.57,83,1007,5.77,7.4,W,4.14,Rain,100
Delhi,2026-06-24 08:00:00,8,2,Wednesday,6,Monsoon,1,0,92,Moderate,pm10,78,92,17.9,2.7,3.9,3.7,35.58,21.58,30,1001,0.99,1.28,W,10.0,Clear,2
Chennai,2026-06-23 10:00:00,10,1,Tuesday,6,Monsoon,1,0,76,Moderate,pm25,76,48,4.6,12.1,9.8,2.0,30.62,23.02,62,1008,1.34,1.34,S,10.0,Clouds,99
Kolkata,2026-06-23 10:00:00,10,1,Tuesday,6,Monsoon,1,0,109,Unhealthy for Sensitive Groups,pm25,109,59,17.3,7.9,5.3,3.8,34.74,23.54,44,1002,5.8,6.91,SW,10.0,Clouds,96
Delhi,2026-06-24 12:00:00,12,2,Wednesday,6,Monsoon,1,0,67,Moderate,pm10,34,67,14.5,14.5,2.5,4.9,39.54,24.34,24,1000,1.83,3.27,W,10.0,Clear,0
